回覆ID,類別ID,回覆文字,回覆照片
1,1,您可以通過我們的網站上的聯繫頁面找到我們的客服聯繫方式，我們的客服團隊將竭誠為您服務。,sr-1-1-1.jpeg
2,1,請提供您的註冊郵箱或用戶名，我們的客服團隊將協助您解決登錄問題。,
3,1,請提供您的訂單號碼，我們的客服團隊將協助您查詢物流信息並盡快為您解決問題。,
4,1,請提供您的訂單號碼，我們的客服團隊將指導您完成退換貨流程。,
5,1,感謝您的反饋，請提供bug的詳細信息，我們的技術團隊將盡快處理並修復。,
6,2,請提供您的聯繫方式，我們的客服團隊將與您聯繫並指導您完成預訂流程。,
7,2,請提供您感興趣的具體服務項目，我們的客服團隊將提供您詳細的價格信息和優惠政策。,
8,2,我們的服務提供退款政策，請查閱我們的網站上的退款條款和條件以獲取更多信息。,sr-1-2-8.jpeg
9,3,這款背包的容量為 20 升，適合日常通勤或短途旅行使用，您可以放置書本、電子設備和其他小物品。,
10,3,是的，這款背包採用防水材料製成，能夠有效防止雨水滲透，保護您的物品免受損壞。,
11,3,是的，這款背包具有專用的筆記本電腦間隔，能夠容納 15 寸的筆記本電腦，並且有充足的空間放置其他物品。,
12,3,這款背包具有人體工學設計，背墊和肩帶都採用了舒適的材料，能夠有效減輕肩部壓力，提供舒適的背負體驗。,
13,3,這款背包的重量為 1.2 公斤，是一款輕便易攜的背包，適合日常使用和旅行。,
14,3,我們的背包有多種尺寸可供選擇，您可以根據您的需求和喜好選擇合適的尺寸，如果您有特殊要求，我們也可以提供定製服務。,
15,3,這款背包採用耐用的尼龍材料製成，具有良好的抗磨損性和耐用性，適合長時間使用。,
16,3,是的，這個價格包含所有配件，包括背包本身和任何額外的配件或禮品。,